Competitor ID,Sponsor Title,Link
163159,POC,http://www.pocsports.com/
163159,Volkl,http://volkl.com/ski/
163159,Marker,http://markerusa.com
163159,Dalbello,http://dalbello.it/us
163159,Level  Gloves,http://www.levelgloves.com
163159,Rockstar Energy,http://www.rockstar69.com/
163159,Columbia Sportswear,https://usskiandsnowboard.org/node/4971/edit
163159,USANA,http://www.usana.com
163159,Aspen Snowmass,https://www.aspensnowmass.com
163159,The W Aspen Hotel,https://www.marriott.com/hotels/travel/asewh-w-aspen/
163159,The Snowmass Mountain Club ,https://www.snowmassmountainclub.com/
